{"cameraMode":{"drawMode":0,"name":"Shaded","section":"Shading Mode"},"sceneLighting":true,"audioPlay":false,"sceneViewState":{"showFog":true,"showMaterialUpdate":false,"showSkybox":true,"showFlares":true,"showImageEffects":true,"showParticleSystems":true,"showVisualEffectGraphs":true,"m_FxEnabled":true},"in2DMode":false,"pivot":{"x":1.452110767364502,"y":-0.35121333599090578,"z":-5.824561595916748},"rotation":{"x":-0.12594108283519746,"y":0.02142391726374626,"z":-0.002721883589401841,"w":-0.9917765855789185},"size":4.675063610076904,"orthographic":false}